<metadata><idinfo><ptcontac><cntinfo><cntperp><cntper>GIS Coordinator</cntper><cntorg>San Joaquin County GIS</cntorg></cntperp><cntpos>GIS Coordinator</cntpos><cntvoice>(209) 468-2344</cntvoice><cntfax>(209) 468-3163</cntfax><cntemail>gis1@sjgov.org</cntemail><hours>8:00 am - 5:00 pm (Pacific) weekdays, excluding holidays</hours><cntaddr><addrtype>mailing and physical address</addrtype><address>1810 E Hazelton Av</address><city>Stockton</city><state>CA</state><postal>95205</postal><country>USA</country></cntaddr></cntinfo></ptcontac><status><progress>San Joaquin County constantly reviews GIS data and updates as necessary.</progress><update>As needed</update></status><useconst>Restricted to authorized users.  For illustrative purposes only.

The information in this dataset is based on the most current information available to San Joaquin County Geographic Information Systems.  The County of San Joaquin does not warrant its accuracy or suitability for any particular purpose.  The information in this dataset is not intended to replace engineering, financial or primary records research.

San Joaquin County, its agents, and employees shall not be held liable for any errors in this data.  This includes errors of omission, commission, errors concerning the content of the data, and relative and positional accuracy of the data.  This data cannot be construed to be a legal document. This data may have been compiled from public reports, documents, recorded deeds, plats and other public records and information sources.  Primary sources from which this data was compiled must be consulted for verification of the information contained in this data.</useconst><datacred>San Joaquin County GIS</datacred><keywords><place><placekt>none</placekt><placekey>San Joaquin County</placekey></place><theme><themekt>none</themekt><themekey>Zoning</themekey></theme></keywords><descript><langdata>English</langdata><abstract>San Joaquin County, Zoning</abstract><purpose>To define the boundary of Zoning designated areas.</purpose></descript><accconst>Restricted to authorized users.</accconst><citation><citeinfo><origin>San Joaquin County GIS</origin><pubdate>REQUIRED: The date when the data set is published or otherwise made available for release.</pubdate><title Sync="TRUE">spatial.COUNTY.Zoning</title><ftname Sync="TRUE">spatial.COUNTY.Zoning</ftname><geoform Sync="TRUE">vector digital data</geoform><onlink Sync="TRUE">Server=sjcgisdbms; Service=5151/tcp; Database=Spatial; User=bwaddle; Version=sde.DEFAULT</onlink></citeinfo></citation><timeperd><timeinfo><sngdate><caldate>1/1/2009</caldate></sngdate></timeinfo><current>publication date</current></timeperd><native Sync="TRUE">Microsoft Windows XP Version 5.1 (Build 2600) Service Pack 3; ESRI ArcCatalog 9.3.1.3000</native><spdom><bounding><westbc Sync="TRUE">-121.587701</westbc><eastbc Sync="TRUE">-120.919111</eastbc><northbc Sync="TRUE">38.300528</northbc><southbc Sync="TRUE">37.480936</southbc></bounding><lboundng><leftbc Sync="TRUE">6249510.976134</leftbc><rightbc Sync="TRUE">6440062.196178</rightbc><bottombc Sync="TRUE">1999378.683513</bottombc><topbc Sync="TRUE">2296299.846097</topbc></lboundng></spdom><natvform Sync="TRUE">SDE Feature Class</natvform></idinfo><Esri><ModDate>20240709</ModDate><ModTime>07292300</ModTime><CreaDate>20191213</CreaDate><CreaTime>06322200</CreaTime><SyncOnce>FALSE</SyncOnce><SyncDate>20240709</SyncDate><SyncTime>07292300</SyncTime><DataProperties><itemProps><itemName Sync="TRUE">Zoning</itemName><imsContentType Sync="TRUE">002</imsContentType><nativeExtBox><westBL Sync="TRUE">6249510.976140</westBL><eastBL Sync="TRUE">6440062.196087</eastBL><southBL Sync="TRUE">1999378.683646</southBL><northBL Sync="TRUE">2296299.846036</northBL><exTypeCode Sync="TRUE">1</exTypeCode></nativeExtBox><itemLocation><linkage Sync="TRUE">file://\\sjcvmcddfs1.sjgov.net\users\gis\Exports\ExportsForSJMapOrg\Zoning.shp</linkage><protocol Sync="TRUE">Local Area Network</protocol></itemLocation><itemSize Sync="TRUE">0.000</itemSize></itemProps><coordRef><type Sync="TRUE">Projected</type><geogcsn Sync="TRUE">GCS_North_American_1983</geogcsn><projcsn Sync="TRUE">NAD_1983_StatePlane_California_III_FIPS_0403_Feet</projcsn><peXml Sync="TRUE">&lt;ProjectedCoordinateSystem xsi:type='typens:ProjectedCoordinateSystem' xmlns:xsi='http://www.w3.org/2001/XMLSchema-instance' xmlns:xs='http://www.w3.org/2001/XMLSchema' xmlns:typens='http://www.esri.com/schemas/ArcGIS/10.8'&gt;&lt;WKT&gt;PROJCS[&amp;quot;NAD_1983_StatePlane_California_III_FIPS_0403_Feet&amp;quot;,GEOGCS[&amp;quot;GCS_North_American_1983&amp;quot;,DATUM[&amp;quot;D_North_American_1983&amp;quot;,SPHEROID[&amp;quot;GRS_1980&amp;quot;,6378137.0,298.257222101]],PRIMEM[&amp;quot;Greenwich&amp;quot;,0.0],UNIT[&amp;quot;Degree&amp;quot;,0.0174532925199433]],PROJECTION[&amp;quot;Lambert_Conformal_Conic&amp;quot;],PARAMETER[&amp;quot;False_Easting&amp;quot;,6561666.666666666],PARAMETER[&amp;quot;False_Northing&amp;quot;,1640416.666666667],PARAMETER[&amp;quot;Central_Meridian&amp;quot;,-120.5],PARAMETER[&amp;quot;Standard_Parallel_1&amp;quot;,37.06666666666667],PARAMETER[&amp;quot;Standard_Parallel_2&amp;quot;,38.43333333333333],PARAMETER[&amp;quot;Latitude_Of_Origin&amp;quot;,36.5],UNIT[&amp;quot;Foot_US&amp;quot;,0.3048006096012192],AUTHORITY[&amp;quot;EPSG&amp;quot;,2227]]&lt;/WKT&gt;&lt;XOrigin&gt;-115860600&lt;/XOrigin&gt;&lt;YOrigin&gt;-93269500&lt;/YOrigin&gt;&lt;XYScale&gt;36787427.345686711&lt;/XYScale&gt;&lt;ZOrigin&gt;-100000&lt;/ZOrigin&gt;&lt;ZScale&gt;10000&lt;/ZScale&gt;&lt;MOrigin&gt;-100000&lt;/MOrigin&gt;&lt;MScale&gt;10000&lt;/MScale&gt;&lt;XYTolerance&gt;0.0032808333333333331&lt;/XYTolerance&gt;&lt;ZTolerance&gt;0.001&lt;/ZTolerance&gt;&lt;MTolerance&gt;0.001&lt;/MTolerance&gt;&lt;HighPrecision&gt;true&lt;/HighPrecision&gt;&lt;WKID&gt;102643&lt;/WKID&gt;&lt;LatestWKID&gt;2227&lt;/LatestWKID&gt;&lt;/ProjectedCoordinateSystem&gt;</peXml><csUnits Sync="TRUE">Linear Unit: Foot_US (0.304801)</csUnits></coordRef><lineage><Process ToolSource="c:\program files (x86)\arcgis\desktop10.5\ArcToolbox\Toolboxes\Data Management Tools.tbx\EnableEditorTracking" Date="20171012" Time="080139">EnableEditorTracking "Database Connections\county@sjcgisags.sde\spatial.COUNTY.Planning\spatial.COUNTY.Zoning" create_user create_date edit_user edit_date ADD_FIELDS UTC</Process><Process ToolSource="c:\program files\arcgis\pro\Resources\ArcToolbox\toolboxes\Data Management Tools.tbx\Append" Date="20201028" Time="143815">Append MH_Zoning_Proposed_selection C:\Users\bwaddle.SJGOV.000.001\AppData\Local\Temp\ArcGISProTemp23784\0595d7f0-377c-4b84-907b-8778a4896ded\gisdbmssvr1.sde\spatial.COUNTY.Planning\spatial.COUNTY.Zoning "Use the Field Map to reconcile schema differences" "ZNCODE "ZNCODE" true true false 8 Text 0 0,First,#,MH_Zoning_Proposed_selection,ZONE_LABEL,0,8,MH_Zoning_Proposed_selection,ZOCO_LABEL,0,10;ZNLABEL "ZNLABEL" true true false 8 Text 0 0,First,#,MH_Zoning_Proposed_selection,ZONE_LABEL,0,8;CONDITION "CONDITION" true true false 8 Text 0 0,First,#,MH_Zoning_Proposed_selection,CONDITION,0,10;ZOCOLABEL "ZOCOLABEL" true true false 10 Text 0 0,First,#;ZNDESCRIPT "ZNDESCRIPT" true true false 40 Text 0 0,First,#,MH_Zoning_Proposed_selection,ZONE_NAME,0,40;LASTUPDATE "LASTUPDATE" true true false 10 Text 0 0,First,#;ADOPTION "ADOPTION" true true false 28 Text 0 0,First,#;ORDINANCE "ORDINANCE" true true false 28 Text 0 0,First,#;DOCREF "DOCREF" true true false 30 Text 0 0,First,#;EFFDATE "EFFDATE" true true false 10 Text 0 0,First,#;MAPDATE "MAPDATE" true true false 10 Text 0 0,First,#;BOARDORDER "BOARDORDER" true true false 12 Text 0 0,First,#;COMMENTS "COMMENTS" true true false 80 Text 0 0,First,#" # #</Process><Process ToolSource="c:\program files\arcgis\pro\Resources\ArcToolbox\toolboxes\Data Management Tools.tbx\CalculateField" Date="20201029" Time="114059">CalculateField spatial.COUNTY.Zoning ZOCOLABEL 'P-F' "Python 3" # Text</Process><Process ToolSource="c:\program files\arcgis\pro\Resources\ArcToolbox\toolboxes\Data Management Tools.tbx\CalculateField" Date="20201029" Time="121415">CalculateField spatial.COUNTY.Zoning ZOCOLABEL 'R-L' "Python 3" # Text</Process><Process ToolSource="c:\program files\arcgis\pro\Resources\ArcToolbox\toolboxes\Data Management Tools.tbx\CalculateField" Date="20201029" Time="121556">CalculateField spatial.COUNTY.Zoning ZOCOLABEL 'R-MH' "Python 3" # Text</Process><Process ToolSource="c:\program files\arcgis\pro\Resources\ArcToolbox\toolboxes\Data Management Tools.tbx\CalculateField" Date="20201029" Time="121810">CalculateField spatial.COUNTY.Zoning ZOCOLABEL 'C-R' "Python 3" # Text</Process><Process ToolSource="c:\program files\arcgis\pro\Resources\ArcToolbox\toolboxes\Data Management Tools.tbx\CalculateField" Date="20201029" Time="122032">CalculateField spatial.COUNTY.Zoning ZOCOLABEL 'R-M' "Python 3" # Text</Process><Process ToolSource="c:\program files\arcgis\pro\Resources\ArcToolbox\toolboxes\Data Management Tools.tbx\CalculateField" Date="20201029" Time="122125">CalculateField spatial.COUNTY.Zoning ZOCOLABEL 'M-X' "Python 3" # Text</Process><Process ToolSource="c:\program files\arcgis\pro\Resources\ArcToolbox\toolboxes\Data Management Tools.tbx\CalculateField" Date="20201029" Time="124104">CalculateField spatial.COUNTY.Zoning COMMENTS 'SPII AMENDMENTS I,J,K,L' "Python 3" # Text</Process><Process ToolSource="c:\program files\arcgis\pro\Resources\ArcToolbox\toolboxes\Data Management Tools.tbx\CalculateField" Date="20201029" Time="124217">CalculateField spatial.COUNTY.Zoning DOCREF 'PA-1800040' "Python 3" # Text</Process><Process ToolSource="c:\program files\arcgis\pro\Resources\ArcToolbox\toolboxes\Data Management Tools.tbx\CalculateField" Date="20201029" Time="124313">CalculateField spatial.COUNTY.Zoning BOARDORDER 'R-19-140' "Python 3" # Text</Process><Process ToolSource="c:\program files\arcgis\pro\Resources\ArcToolbox\toolboxes\Data Management Tools.tbx\CalculateField" Date="20201029" Time="124420">CalculateField spatial.COUNTY.Zoning BOARDORDER 'R-19-140' "Python 3" # Text</Process><Process ToolSource="c:\program files\arcgis\pro\Resources\ArcToolbox\toolboxes\Data Management Tools.tbx\CalculateField" Date="20201029" Time="124549">CalculateField spatial.COUNTY.Zoning BOARDORDER ' ' "Python 3" # Text</Process><Process ToolSource="c:\program files\arcgis\pro\Resources\ArcToolbox\toolboxes\Data Management Tools.tbx\CalculateField" Date="20201029" Time="124957">CalculateField spatial.COUNTY.Zoning ADOPTION '11/05/2019' "Python 3" # Text</Process><Process ToolSource="c:\program files\arcgis\pro\Resources\ArcToolbox\toolboxes\Data Management Tools.tbx\CalculateField" Date="20201029" Time="125042">CalculateField spatial.COUNTY.Zoning ORDINANCE 'R-19-140' "Python 3" # Text</Process><Process ToolSource="c:\program files\arcgis\pro\Resources\ArcToolbox\toolboxes\Data Management Tools.tbx\CalculateField" Date="20201204" Time="155345">CalculateField spatial.COUNTY.Zoning COMMENTS "Update specific plan" "Python 3" # Text</Process><Process ToolSource="c:\program files\arcgis\pro\Resources\ArcToolbox\toolboxes\Data Management Tools.tbx\CalculateField" Date="20201204" Time="155733">CalculateField spatial.COUNTY.Zoning ZOCOLABEL !ZNLABEL! "Python 3" # Text</Process><Process ToolSource="c:\program files (x86)\arcgis\desktop10.8\ArcToolbox\Toolboxes\Data Management Tools.tbx\CalculateField" Date="20201209" Time="090500">CalculateField spatial.COUNTY.Zoning ZOCOLABEL [ZNCODE] VB #</Process><Process ToolSource="c:\program files\arcgis\pro\Resources\ArcToolbox\toolboxes\Data Management Tools.tbx\CalculateField" Date="20210913" Time="094605">CalculateField spatial.COUNTY.Zoning DOCREF "PA-1900157" "Python 3" # Text</Process><Process ToolSource="c:\program files\arcgis\pro\Resources\ArcToolbox\toolboxes\Data Management Tools.tbx\CalculateField" Date="20210913" Time="094717">CalculateField spatial.COUNTY.Zoning BOARDORDER "B-21-523" "Python 3" # Text</Process><Process ToolSource="c:\program files\arcgis\pro\Resources\ArcToolbox\toolboxes\Data Management Tools.tbx\CalculateField" Date="20210913" Time="094755">CalculateField spatial.COUNTY.Zoning ORDINANCE "4582" "Python 3" # Text</Process><Process ToolSource="c:\program files\arcgis\pro\Resources\ArcToolbox\toolboxes\Data Management Tools.tbx\CalculateField" Date="20210913" Time="094932">CalculateField spatial.COUNTY.Zoning ADOPTION "08/24/2021" "Python 3" # Text</Process><Process ToolSource="c:\program files\arcgis\pro\Resources\ArcToolbox\toolboxes\Data Management Tools.tbx\CalculateField" Date="20210913" Time="095437">CalculateField spatial.COUNTY.Zoning EFFDATE "09/14/2021" "Python 3" # Text</Process><Process ToolSource="c:\program files\arcgis\pro\Resources\ArcToolbox\toolboxes\Data Management Tools.tbx\CalculateField" Date="20210913" Time="095640">CalculateField spatial.COUNTY.Zoning EFFDATE "9/23/2021" "Python 3" # Text</Process><Process ToolSource="c:\program files\arcgis\pro\Resources\ArcToolbox\toolboxes\Data Management Tools.tbx\CalculateField" Date="20220228" Time="111824">CalculateField spatial.COUNTY.Zoning DOCREF "PA-2100198" "Python 3" # Text NO_ENFORCE_DOMAINS</Process><Process ToolSource="c:\program files\arcgis\pro\Resources\ArcToolbox\toolboxes\Data Management Tools.tbx\CalculateField" Date="20220707" Time="081413">CalculateField spatial.COUNTY.Zoning ZNDESCRIPT "MEDIUM DENSITY RESIDENTIAL" "Python 3" # Text NO_ENFORCE_DOMAINS</Process><Process ToolSource="c:\program files\arcgis\pro\Resources\ArcToolbox\toolboxes\Data Management Tools.tbx\CalculateField" Date="20220707" Time="081545">CalculateField spatial.COUNTY.Zoning ZNDESCRIPT "MEDIUM HIGH DENSITY RESIDENTIAL" "Python 3" # Text NO_ENFORCE_DOMAINS</Process><Process ToolSource="c:\program files\arcgis\pro\Resources\ArcToolbox\toolboxes\Data Management Tools.tbx\CalculateField" Date="20220707" Time="084315">CalculateField spatial.COUNTY.Zoning ZNDESCRIPT "TRUCK TERMINAL" "Python 3" # Text NO_ENFORCE_DOMAINS</Process><Process ToolSource="c:\program files (x86)\arcgis\desktop10.8\ArcToolbox\Toolboxes\Conversion Tools.tbx\FeatureClassToFeatureClass" Date="20240628" Time="070641">FeatureClassToFeatureClass "Database Connections\county@gisdbmssvr1.sde\spatial.COUNTY.Planning\spatial.COUNTY.Zoning" "Database Connections\county@gisdbmssvr1.sde\spatial.COUNTY.Planning" Zoning_20240628 # "ZNCODE "ZNCODE" true true false 8 Text 0 0 ,First,#,Database Connections\county@gisdbmssvr1.sde\spatial.COUNTY.Planning\spatial.COUNTY.Zoning,ZNCODE,-1,-1;ZNLABEL "ZNLABEL" true true false 20 Text 0 0 ,First,#,Database Connections\county@gisdbmssvr1.sde\spatial.COUNTY.Planning\spatial.COUNTY.Zoning,ZNLABEL,-1,-1;CONDITION "CONDITION" true true false 8 Text 0 0 ,First,#,Database Connections\county@gisdbmssvr1.sde\spatial.COUNTY.Planning\spatial.COUNTY.Zoning,CONDITION,-1,-1;ZOCOLABEL "ZOCOLABEL" true true false 20 Text 0 0 ,First,#,Database Connections\county@gisdbmssvr1.sde\spatial.COUNTY.Planning\spatial.COUNTY.Zoning,ZOCOLABEL,-1,-1;ZNDESCRIPT "ZNDESCRIPT" true true false 40 Text 0 0 ,First,#,Database Connections\county@gisdbmssvr1.sde\spatial.COUNTY.Planning\spatial.COUNTY.Zoning,ZNDESCRIPT,-1,-1;LASTUPDATE "LASTUPDATE" true true false 10 Text 0 0 ,First,#,Database Connections\county@gisdbmssvr1.sde\spatial.COUNTY.Planning\spatial.COUNTY.Zoning,LASTUPDATE,-1,-1;ADOPTION "ADOPTION" true true false 28 Text 0 0 ,First,#,Database Connections\county@gisdbmssvr1.sde\spatial.COUNTY.Planning\spatial.COUNTY.Zoning,ADOPTION,-1,-1;ORDINANCE "ORDINANCE" true true false 28 Text 0 0 ,First,#,Database Connections\county@gisdbmssvr1.sde\spatial.COUNTY.Planning\spatial.COUNTY.Zoning,ORDINANCE,-1,-1;DOCREF "DOCREF" true true false 30 Text 0 0 ,First,#,Database Connections\county@gisdbmssvr1.sde\spatial.COUNTY.Planning\spatial.COUNTY.Zoning,DOCREF,-1,-1;EFFDATE "EFFDATE" true true false 10 Text 0 0 ,First,#,Database Connections\county@gisdbmssvr1.sde\spatial.COUNTY.Planning\spatial.COUNTY.Zoning,EFFDATE,-1,-1;MAPDATE "MAPDATE" true true false 10 Text 0 0 ,First,#,Database Connections\county@gisdbmssvr1.sde\spatial.COUNTY.Planning\spatial.COUNTY.Zoning,MAPDATE,-1,-1;BOARDORDER "BOARDORDER" true true false 12 Text 0 0 ,First,#,Database Connections\county@gisdbmssvr1.sde\spatial.COUNTY.Planning\spatial.COUNTY.Zoning,BOARDORDER,-1,-1;COMMENTS "COMMENTS" true true false 80 Text 0 0 ,First,#,Database Connections\county@gisdbmssvr1.sde\spatial.COUNTY.Planning\spatial.COUNTY.Zoning,COMMENTS,-1,-1;create_user "create_user" false true false 255 Text 0 0 ,First,#,Database Connections\county@gisdbmssvr1.sde\spatial.COUNTY.Planning\spatial.COUNTY.Zoning,create_user,-1,-1;create_date "create_date" false true false 8 Date 0 0 ,First,#,Database Connections\county@gisdbmssvr1.sde\spatial.COUNTY.Planning\spatial.COUNTY.Zoning,create_date,-1,-1;edit_user "edit_user" false true false 255 Text 0 0 ,First,#,Database Connections\county@gisdbmssvr1.sde\spatial.COUNTY.Planning\spatial.COUNTY.Zoning,edit_user,-1,-1;edit_date "edit_date" false true false 8 Date 0 0 ,First,#,Database Connections\county@gisdbmssvr1.sde\spatial.COUNTY.Planning\spatial.COUNTY.Zoning,edit_date,-1,-1;SHAPE_area "SHAPE_area" false false true 0 Double 0 0 ,First,#,Database Connections\county@gisdbmssvr1.sde\spatial.COUNTY.Planning\spatial.COUNTY.Zoning,SHAPE.area,-1,-1;SHAPE_len "SHAPE_len" false false true 0 Double 0 0 ,First,#,Database Connections\county@gisdbmssvr1.sde\spatial.COUNTY.Planning\spatial.COUNTY.Zoning,SHAPE.len,-1,-1" #</Process><Process ToolSource="c:\program files (x86)\arcgis\desktop10.8\ArcToolbox\Toolboxes\Conversion Tools.tbx\FeatureClassToFeatureClass" Date="20240709" Time="072925">FeatureClassToFeatureClass "Database Connections\export@gisdbmssvr1.sde\spatial.COUNTY.Planning\spatial.COUNTY.Zoning" M:\Exports\ExportsForSJMapOrg Zoning.shp # "ZNCODE "ZNCODE" true true false 8 Text 0 0 ,First,#,Database Connections\export@gisdbmssvr1.sde\spatial.COUNTY.Planning\spatial.COUNTY.Zoning,ZNCODE,-1,-1;ZNLABEL "ZNLABEL" true true false 20 Text 0 0 ,First,#,Database Connections\export@gisdbmssvr1.sde\spatial.COUNTY.Planning\spatial.COUNTY.Zoning,ZNLABEL,-1,-1;CONDITION "CONDITION" true true false 8 Text 0 0 ,First,#,Database Connections\export@gisdbmssvr1.sde\spatial.COUNTY.Planning\spatial.COUNTY.Zoning,CONDITION,-1,-1;ZOCOLABEL "ZOCOLABEL" true true false 20 Text 0 0 ,First,#,Database Connections\export@gisdbmssvr1.sde\spatial.COUNTY.Planning\spatial.COUNTY.Zoning,ZOCOLABEL,-1,-1;ZNDESCRIPT "ZNDESCRIPT" true true false 40 Text 0 0 ,First,#,Database Connections\export@gisdbmssvr1.sde\spatial.COUNTY.Planning\spatial.COUNTY.Zoning,ZNDESCRIPT,-1,-1;LASTUPDATE "LASTUPDATE" true true false 10 Text 0 0 ,First,#,Database Connections\export@gisdbmssvr1.sde\spatial.COUNTY.Planning\spatial.COUNTY.Zoning,LASTUPDATE,-1,-1;ADOPTION "ADOPTION" true true false 28 Text 0 0 ,First,#,Database Connections\export@gisdbmssvr1.sde\spatial.COUNTY.Planning\spatial.COUNTY.Zoning,ADOPTION,-1,-1;ORDINANCE "ORDINANCE" true true false 28 Text 0 0 ,First,#,Database Connections\export@gisdbmssvr1.sde\spatial.COUNTY.Planning\spatial.COUNTY.Zoning,ORDINANCE,-1,-1;DOCREF "DOCREF" true true false 30 Text 0 0 ,First,#,Database Connections\export@gisdbmssvr1.sde\spatial.COUNTY.Planning\spatial.COUNTY.Zoning,DOCREF,-1,-1;EFFDATE "EFFDATE" true true false 10 Text 0 0 ,First,#,Database Connections\export@gisdbmssvr1.sde\spatial.COUNTY.Planning\spatial.COUNTY.Zoning,EFFDATE,-1,-1;MAPDATE "MAPDATE" true true false 10 Text 0 0 ,First,#,Database Connections\export@gisdbmssvr1.sde\spatial.COUNTY.Planning\spatial.COUNTY.Zoning,MAPDATE,-1,-1;BOARDORDER "BOARDORDER" true true false 12 Text 0 0 ,First,#,Database Connections\export@gisdbmssvr1.sde\spatial.COUNTY.Planning\spatial.COUNTY.Zoning,BOARDORDER,-1,-1;COMMENTS "COMMENTS" true true false 80 Text 0 0 ,First,#,Database Connections\export@gisdbmssvr1.sde\spatial.COUNTY.Planning\spatial.COUNTY.Zoning,COMMENTS,-1,-1;CREATE_USER "CREATE_USER" false true false 255 Text 0 0 ,First,#,Database Connections\export@gisdbmssvr1.sde\spatial.COUNTY.Planning\spatial.COUNTY.Zoning,create_user,-1,-1;CREATE_DATE "CREATE_DATE" false true false 8 Date 0 0 ,First,#,Database Connections\export@gisdbmssvr1.sde\spatial.COUNTY.Planning\spatial.COUNTY.Zoning,create_date,-1,-1;EDIT_USER "EDIT_USER" false true false 255 Text 0 0 ,First,#,Database Connections\export@gisdbmssvr1.sde\spatial.COUNTY.Planning\spatial.COUNTY.Zoning,edit_user,-1,-1;EDIT_DATE "EDIT_DATE" false true false 8 Date 0 0 ,First,#,Database Connections\export@gisdbmssvr1.sde\spatial.COUNTY.Planning\spatial.COUNTY.Zoning,edit_date,-1,-1;SHAPE_AREA "SHAPE_AREA" false false true 0 Double 0 0 ,First,#,Database Connections\export@gisdbmssvr1.sde\spatial.COUNTY.Planning\spatial.COUNTY.Zoning,Shape.area,-1,-1;SHAPE_LEN "SHAPE_LEN" false false true 0 Double 0 0 ,First,#,Database Connections\export@gisdbmssvr1.sde\spatial.COUNTY.Planning\spatial.COUNTY.Zoning,Shape.len,-1,-1" SAME_AS_TEMPLATE</Process></lineage></DataProperties><ArcGISFormat>1.0</ArcGISFormat></Esri><metainfo><metd>20090311</metd><metc><cntinfo><cntperp><cntper>GIS Coordinator</cntper><cntorg>San Joaquin County GIS</cntorg></cntperp><cntpos>GIS Coordinator</cntpos><cntvoice>(209) 468-2344</cntvoice><cntfax>(209) 468-3163</cntfax><cntemail>gis1@sjgov.org</cntemail><hours>8:00 am - 5:00 pm (Pacific) weekdays, excluding holidays</hours><cntaddr><addrtype>mailing and physical address</addrtype><address>1810 E Hazelton Av</address><city>Stockton</city><state>CA</state><postal>95205</postal><country>USA</country></cntaddr></cntinfo></metc><metstdn>FGDC Content Standards for Digital Geospatial Metadata</metstdn><metextns><onlink>http://www.sjmap.org</onlink></metextns><langmeta Sync="TRUE">en</langmeta><metstdv Sync="TRUE">FGDC-STD-001-1998</metstdv><mettc Sync="TRUE">local time</mettc><metextns><onlink>http://www.sjmap.org</onlink><metprof Sync="TRUE">ESRI Metadata Profile</metprof></metextns></metainfo><mdDateSt>20090311</mdDateSt><distinfo><distrib><cntinfo><cntperp><cntper>GIS Coordinator</cntper><cntorg>San Joaquin County GIS</cntorg></cntperp><cntpos>GIS Coordinator</cntpos><cntaddr><addrtype>mailing and physical address</addrtype><address>1810 E Hazelton Av</address><city>Stockton</city><state>CA</state><postal>95205</postal><country>USA</country></cntaddr><cntvoice>(209) 468-2344</cntvoice><cntfax>(209) 468-3163</cntfax><cntemail>gis1@sjgov.org</cntemail><hours>8:00 am - 5:00 pm (Pacific) weekdays, excluding holidays</hours></cntinfo></distrib><distliab>Restricted to authorized users.  For illustrative purposes only.

The information in this dataset is based on the most current information available to San Joaquin County Geographic Information Systems.  The County of San Joaquin does not warrant its accuracy or suitability for any particular purpose.  The information in this dataset is not intended to replace engineering, financial or primary records research.

San Joaquin County, its agents, and employees shall not be held liable for any errors in this data.  This includes errors of omission, commission, errors concerning the content of the data, and relative and positional accuracy of the data.  This data cannot be construed to be a legal document. This data may have been compiled from public reports, documents, recorded deeds, plats and other public records and information sources.  Primary sources from which this data was compiled must be consulted for verification of the information contained in this data.</distliab><resdesc Sync="TRUE">Downloadable Data</resdesc></distinfo><dataqual><posacc><horizpa><horizpar>San Joquin County generally produces county-wide maps at scales of approximately 1:100,000.  Mapped features at that scale are considered accurate to within 100 feet.  Datasets derived from locally obtained source data are generally accurate to within 10 feet, and are controlled against GPS-corrected versions of PLSS sections and street centerlines.  Positional accuracy may vary throughout the County depending on the availability, accessability and quality of suitable control features.  Datasets derived from externally obtained source data (such as state and/or federal agencies) tend to have lesser positional accuracy.</horizpar></horizpa></posacc><lineage><procstep><procdesc Sync="TRUE">Metadata imported.</procdesc><srcused Sync="TRUE">M:\Support\Metadata\SJCMetadataTemplate.xml</srcused><procdate Sync="TRUE">20090310</procdate><proctime Sync="TRUE">14000200</proctime></procstep></lineage></dataqual><dataIdInfo><envirDesc Sync="TRUE"> Version 6.2 (Build 9200) ; Esri ArcGIS 10.9.1.28388</envirDesc><dataLang><languageCode Sync="TRUE" value="eng" country="USA"/><countryCode value="USA" Sync="TRUE"/></dataLang><idCitation><resTitle Sync="TRUE">Zoning</resTitle><presForm><PresFormCd Sync="TRUE" value="005"/></presForm></idCitation><spatRpType><SpatRepTypCd Sync="TRUE" value="001"/></spatRpType><dataExt><geoEle><GeoBndBox esriExtentType="search"><westBL Sync="TRUE">-121.587701</westBL><eastBL Sync="TRUE">-120.919111</eastBL><northBL Sync="TRUE">38.300528</northBL><southBL Sync="TRUE">37.480936</southBL><exTypeCode Sync="TRUE">1</exTypeCode></GeoBndBox></geoEle></dataExt><geoBox esriExtentType="decdegrees"><westBL Sync="TRUE">-121.587701</westBL><eastBL Sync="TRUE">-120.919111</eastBL><northBL Sync="TRUE">38.300528</northBL><southBL Sync="TRUE">37.480936</southBL><exTypeCode Sync="TRUE">1</exTypeCode></geoBox><descKeys><thesaName uuidref="723f6998-058e-11dc-8314-0800200c9a66"/><keyword Sync="TRUE">002</keyword></descKeys></dataIdInfo><mdLang><languageCode Sync="TRUE" value="eng"/><countryCode value="USA" Sync="TRUE"/></mdLang><mdStanName Sync="TRUE">ISO 19115 Geographic Information - Metadata</mdStanName><mdStanVer Sync="TRUE">DIS_ESRI1.0</mdStanVer><mdChar><CharSetCd Sync="TRUE" value="004"/></mdChar><mdHrLv><ScopeCd Sync="TRUE" value="005"/></mdHrLv><mdHrLvName Sync="TRUE">dataset</mdHrLvName><distInfo><distributor><distorTran><onLineSrc><orDesc Sync="TRUE">002</orDesc><linkage Sync="TRUE">Server=sjcgisdbms; Service=5151/tcp; Database=Spatial; User=bwaddle; Version=sde.DEFAULT</linkage><protocol Sync="TRUE">ArcSDE Connection</protocol></onLineSrc></distorTran><distorFormat><formatName Sync="TRUE">SDE Feature Class</formatName></distorFormat></distributor><distFormat><formatName Sync="TRUE">Shapefile</formatName></distFormat><distTranOps><transSize Sync="TRUE">0.000</transSize></distTranOps></distInfo><spdoinfo><direct Sync="TRUE">Vector</direct><ptvctinf><esriterm Name="Zoning"><efeatyp Sync="TRUE">Simple</efeatyp><efeageom code="4" Sync="TRUE"></efeageom><esritopo Sync="TRUE">FALSE</esritopo><efeacnt Sync="TRUE">0</efeacnt><spindex Sync="TRUE">FALSE</spindex><linrefer Sync="TRUE">FALSE</linrefer></esriterm></ptvctinf></spdoinfo><spref><horizsys><cordsysn><geogcsn Sync="TRUE">GCS_North_American_1983</geogcsn><projcsn Sync="TRUE">NAD_1983_StatePlane_California_III_FIPS_0403_Feet</projcsn></cordsysn><planar><planci><plance Sync="TRUE">coordinate pair</plance><plandu Sync="TRUE">survey feet</plandu><coordrep><absres Sync="TRUE">0.000192</absres><ordres Sync="TRUE">0.000192</ordres></coordrep></planci></planar><geodetic><horizdn Sync="TRUE">North American Datum of 1983</horizdn><ellips Sync="TRUE">Geodetic Reference System 80</ellips><semiaxis Sync="TRUE">6378137.000000</semiaxis><denflat Sync="TRUE">298.257222</denflat></geodetic></horizsys><vertdef><altsys><altenc Sync="TRUE">Explicit elevation coordinate included with horizontal coordinates</altenc><altres Sync="TRUE">1.000000</altres></altsys></vertdef></spref><refSysInfo><RefSystem><refSysID><identCode Sync="TRUE" code="2227">NAD_1983_StatePlane_California_III_FIPS_0403_Feet</identCode><idCodeSpace Sync="TRUE">EPSG</idCodeSpace><idVersion Sync="TRUE">5.3(9.0.0)</idVersion></refSysID></RefSystem></refSysInfo><spatRepInfo><VectSpatRep><geometObjs Name="Zoning"><geoObjTyp><GeoObjTypCd value="002" Sync="TRUE"></GeoObjTypCd></geoObjTyp><geoObjCnt Sync="TRUE">0</geoObjCnt></geometObjs><topLvl><TopoLevCd value="001" Sync="TRUE"></TopoLevCd></topLvl></VectSpatRep></spatRepInfo><eainfo><detailed Name="Zoning"><enttyp><enttypl Sync="TRUE">Zoning</enttypl><enttypt Sync="TRUE">Feature Class</enttypt><enttypc Sync="TRUE">0</enttypc></enttyp><attr><attrlabl Sync="TRUE">FID</attrlabl><attalias Sync="TRUE">FID</attalias><attrtype Sync="TRUE">OID</attrtype><attwidth Sync="TRUE">4</attwidth><atprecis Sync="TRUE">0</atprecis><attscale Sync="TRUE">0</attscale><attrdef Sync="TRUE">Internal feature number.</attrdef><attrdefs Sync="TRUE">Esri</attrdefs><attrdomv><udom Sync="TRUE">Sequential unique whole numbers that are automatically generated.</udom></attrdomv></attr><attr><attrlabl Sync="TRUE">ZNCODE</attrlabl><attalias Sync="TRUE">ZNCODE</attalias><attrtype Sync="TRUE">String</attrtype><attwidth Sync="TRUE">8</attwidth><atprecis Sync="TRUE">0</atprecis><attscale Sync="TRUE">0</attscale></attr><attr><attrlabl Sync="TRUE">ZNLABEL</attrlabl><attalias Sync="TRUE">ZNLABEL</attalias><attrtype Sync="TRUE">String</attrtype><attwidth Sync="TRUE">20</attwidth><atprecis Sync="TRUE">0</atprecis><attscale Sync="TRUE">0</attscale></attr><attr><attrlabl Sync="TRUE">CONDITION</attrlabl><attalias Sync="TRUE">CONDITION</attalias><attrtype Sync="TRUE">String</attrtype><attwidth Sync="TRUE">8</attwidth><atprecis Sync="TRUE">0</atprecis><attscale Sync="TRUE">0</attscale></attr><attr><attrlabl Sync="TRUE">ZOCOLABEL</attrlabl><attalias Sync="TRUE">ZOCOLABEL</attalias><attrtype Sync="TRUE">String</attrtype><attwidth Sync="TRUE">20</attwidth><atprecis Sync="TRUE">0</atprecis><attscale Sync="TRUE">0</attscale></attr><attr><attrlabl Sync="TRUE">ZNDESCRIPT</attrlabl><attalias Sync="TRUE">ZNDESCRIPT</attalias><attrtype Sync="TRUE">String</attrtype><attwidth Sync="TRUE">40</attwidth><atprecis Sync="TRUE">0</atprecis><attscale Sync="TRUE">0</attscale></attr><attr><attrlabl Sync="TRUE">LASTUPDATE</attrlabl><attalias Sync="TRUE">LASTUPDATE</attalias><attrtype Sync="TRUE">String</attrtype><attwidth Sync="TRUE">10</attwidth><atprecis Sync="TRUE">0</atprecis><attscale Sync="TRUE">0</attscale></attr><attr><attrlabl Sync="TRUE">SHAPE</attrlabl><attalias Sync="TRUE">Shape</attalias><attrtype Sync="TRUE">Geometry</attrtype><attwidth Sync="TRUE">0</attwidth><atprecis Sync="TRUE">0</atprecis><attscale Sync="TRUE">0</attscale><attrdef Sync="TRUE">Feature geometry.</attrdef><attrdefs Sync="TRUE">ESRI</attrdefs><attrdomv><udom Sync="TRUE">Coordinates defining the features.</udom></attrdomv></attr><attr><attrlabl Sync="TRUE">ADOPTION</attrlabl><attalias Sync="TRUE">ADOPTION</attalias><attrtype Sync="TRUE">String</attrtype><attwidth Sync="TRUE">28</attwidth><atprecis Sync="TRUE">0</atprecis><attscale Sync="TRUE">0</attscale></attr><attr><attrlabl Sync="TRUE">ORDINANCE</attrlabl><attalias Sync="TRUE">ORDINANCE</attalias><attrtype Sync="TRUE">String</attrtype><attwidth Sync="TRUE">28</attwidth><atprecis Sync="TRUE">0</atprecis><attscale Sync="TRUE">0</attscale></attr><attr><attrlabl Sync="TRUE">DOCREF</attrlabl><attalias Sync="TRUE">DOCREF</attalias><attrtype Sync="TRUE">String</attrtype><attwidth Sync="TRUE">30</attwidth><atprecis Sync="TRUE">0</atprecis><attscale Sync="TRUE">0</attscale></attr><attr><attrlabl Sync="TRUE">EFFDATE</attrlabl><attalias Sync="TRUE">EFFDATE</attalias><attrtype Sync="TRUE">String</attrtype><attwidth Sync="TRUE">10</attwidth><atprecis Sync="TRUE">0</atprecis><attscale Sync="TRUE">0</attscale></attr><attr><attrlabl Sync="TRUE">MAPDATE</attrlabl><attalias Sync="TRUE">MAPDATE</attalias><attrtype Sync="TRUE">String</attrtype><attwidth Sync="TRUE">10</attwidth><atprecis Sync="TRUE">0</atprecis><attscale Sync="TRUE">0</attscale></attr><attr><attrlabl Sync="TRUE">BOARDORDER</attrlabl><attalias Sync="TRUE">BOARDORDER</attalias><attrtype Sync="TRUE">String</attrtype><attwidth Sync="TRUE">12</attwidth><atprecis Sync="TRUE">0</atprecis><attscale Sync="TRUE">0</attscale></attr><attr><attrlabl Sync="TRUE">COMMENTS</attrlabl><attalias Sync="TRUE">COMMENTS</attalias><attrtype Sync="TRUE">String</attrtype><attwidth Sync="TRUE">80</attwidth><atprecis Sync="TRUE">0</atprecis><attscale Sync="TRUE">0</attscale></attr><attr><attrlabl Sync="TRUE">CREATE_USE</attrlabl><attalias Sync="TRUE">CREATE_USE</attalias><attrtype Sync="TRUE">String</attrtype><attwidth Sync="TRUE">254</attwidth><atprecis Sync="TRUE">0</atprecis><attscale Sync="TRUE">0</attscale></attr><attr><attrlabl Sync="TRUE">CREATE_DAT</attrlabl><attalias Sync="TRUE">CREATE_DAT</attalias><attrtype Sync="TRUE">Date</attrtype><attwidth Sync="TRUE">8</attwidth><atprecis Sync="TRUE">0</atprecis><attscale Sync="TRUE">0</attscale></attr><attr><attrlabl Sync="TRUE">edit_user</attrlabl><attalias Sync="TRUE">EDIT_USER</attalias><attrtype Sync="TRUE">String</attrtype><attwidth Sync="TRUE">254</attwidth><atprecis Sync="TRUE">0</atprecis><attscale Sync="TRUE">0</attscale></attr><attr><attrlabl Sync="TRUE">edit_date</attrlabl><attalias Sync="TRUE">EDIT_DATE</attalias><attrtype Sync="TRUE">Date</attrtype><attwidth Sync="TRUE">8</attwidth><atprecis Sync="TRUE">0</atprecis><attscale Sync="TRUE">0</attscale></attr><attr><attrlabl Sync="TRUE">SHAPE_AREA</attrlabl><attalias Sync="TRUE">SHAPE_AREA</attalias><attrtype Sync="TRUE">Double</attrtype><attwidth Sync="TRUE">19</attwidth><atprecis Sync="TRUE">0</atprecis><attscale Sync="TRUE">0</attscale><attrdef Sync="TRUE">Area of feature in internal units squared.</attrdef><attrdefs Sync="TRUE">Esri</attrdefs><attrdomv><udom Sync="TRUE">Positive real numbers that are automatically generated.</udom></attrdomv></attr><attr><attrlabl Sync="TRUE">SHAPE_LEN</attrlabl><attalias Sync="TRUE">SHAPE_LEN</attalias><attrtype Sync="TRUE">Double</attrtype><attwidth Sync="TRUE">19</attwidth><atprecis Sync="TRUE">0</atprecis><attscale Sync="TRUE">0</attscale></attr></detailed></eainfo></metadata>
